health,https://itunes.apple.com/us/genre/podcasts-health/id1307?mt=2&letter=A&page=1
health,https://itunes.apple.com/us/genre/podcasts-health/id1307?mt=2&letter=B&page=1
health,https://itunes.apple.com/us/genre/podcasts-health/id1307?mt=2&letter=C&page=1
health,https://itunes.apple.com/us/genre/podcasts-health/id1307?mt=2&letter=D&page=1
health,https://itunes.apple.com/us/genre/podcasts-health/id1307?mt=2&letter=E&page=1
health,https://itunes.apple.com/us/genre/podcasts-health/id1307?mt=2&letter=F&page=1
health,https://itunes.apple.com/us/genre/podcasts-health/id1307?mt=2&letter=G&page=1
health,https://itunes.apple.com/us/genre/podcasts-health/id1307?mt=2&letter=H&page=1
health,https://itunes.apple.com/us/genre/podcasts-health/id1307?mt=2&letter=I&page=1
health,https://itunes.apple.com/us/genre/podcasts-health/id1307?mt=2&letter=J&page=1
health,https://itunes.apple.com/us/genre/podcasts-health/id1307?mt=2&letter=K&page=1
health,https://itunes.apple.com/us/genre/podcasts-health/id1307?mt=2&letter=L&page=1
health,https://itunes.apple.com/us/genre/podcasts-health/id1307?mt=2&letter=M&page=1
health,https://itunes.apple.com/us/genre/podcasts-health/id1307?mt=2&letter=N&page=1
health,https://itunes.apple.com/us/genre/podcasts-health/id1307?mt=2&letter=O&page=1
health,https://itunes.apple.com/us/genre/podcasts-health/id1307?mt=2&letter=P&page=1
