kids_and_family,https://itunes.apple.com/us/genre/podcasts-kids-family/id1305?mt=2&letter=A&page=1
kids_and_family,https://itunes.apple.com/us/genre/podcasts-kids-family/id1305?mt=2&letter=A&page=2
kids_and_family,https://itunes.apple.com/us/genre/podcasts-kids-family/id1305?mt=2&letter=A&page=3
kids_and_family,https://itunes.apple.com/us/genre/podcasts-kids-family/id1305?mt=2&letter=A&page=4
kids_and_family,https://itunes.apple.com/us/genre/podcasts-kids-family/id1305?mt=2&letter=B&page=1
kids_and_family,https://itunes.apple.com/us/genre/podcasts-kids-family/id1305?mt=2&letter=B&page=2
kids_and_family,https://itunes.apple.com/us/genre/podcasts-kids-family/id1305?mt=2&letter=B&page=3
kids_and_family,https://itunes.apple.com/us/genre/podcasts-kids-family/id1305?mt=2&letter=B&page=4
kids_and_family,https://itunes.apple.com/us/genre/podcasts-kids-family/id1305?mt=2&letter=C&page=1
kids_and_family,https://itunes.apple.com/us/genre/podcasts-kids-family/id1305?mt=2&letter=C&page=2
kids_and_family,https://itunes.apple.com/us/genre/podcasts-kids-family/id1305?mt=2&letter=C&page=3
kids_and_family,https://itunes.apple.com/us/genre/podcasts-kids-family/id1305?mt=2&letter=C&page=4
kids_and_family,https://itunes.apple.com/us/genre/podcasts-kids-family/id1305?mt=2&letter=D&page=1
kids_and_family,https://itunes.apple.com/us/genre/podcasts-kids-family/id1305?mt=2&letter=D&page=2
kids_and_family,https://itunes.apple.com/us/genre/podcasts-kids-family/id1305?mt=2&letter=D&page=3
kids_and_family,https://itunes.apple.com/us/genre/podcasts-kids-family/id1305?mt=2&letter=D&page=4
kids_and_family,https://itunes.apple.com/us/genre/podcasts-kids-family/id1305?mt=2&letter=E&page=1
kids_and_family,https://itunes.apple.com/us/genre/podcasts-kids-family/id1305?mt=2&letter=E&page=2
kids_and_family,https://itunes.apple.com/us/genre/podcasts-kids-family/id1305?mt=2&letter=F&page=1
kids_and_family,https://itunes.apple.com/us/genre/podcasts-kids-family/id1305?mt=2&letter=F&page=2
kids_and_family,https://itunes.apple.com/us/genre/podcasts-kids-family/id1305?mt=2&letter=F&page=3
kids_and_family,https://itunes.apple.com/us/genre/podcasts-kids-family/id1305?mt=2&letter=G&page=1
kids_and_family,https://itunes.apple.com/us/genre/podcasts-kids-family/id1305?mt=2&letter=G&page=2
kids_and_family,https://itunes.apple.com/us/genre/podcasts-kids-family/id1305?mt=2&letter=H&page=1
kids_and_family,https://itunes.apple.com/us/genre/podcasts-kids-family/id1305?mt=2&letter=H&page=2
kids_and_family,https://itunes.apple.com/us/genre/podcasts-kids-family/id1305?mt=2&letter=H&page=3
kids_and_family,https://itunes.apple.com/us/genre/podcasts-kids-family/id1305?mt=2&letter=I&page=1
kids_and_family,https://itunes.apple.com/us/genre/podcasts-kids-family/id1305?mt=2&letter=I&page=2
kids_and_family,https://itunes.apple.com/us/genre/podcasts-kids-family/id1305?mt=2&letter=J&page=1
kids_and_family,https://itunes.apple.com/us/genre/podcasts-kids-family/id1305?mt=2&letter=J&page=2
kids_and_family,https://itunes.apple.com/us/genre/podcasts-kids-family/id1305?mt=2&letter=K&page=1
kids_and_family,https://itunes.apple.com/us/genre/podcasts-kids-family/id1305?mt=2&letter=K&page=2
kids_and_family,https://itunes.apple.com/us/genre/podcasts-kids-family/id1305?mt=2&letter=L&page=1
kids_and_family,https://itunes.apple.com/us/genre/podcasts-kids-family/id1305?mt=2&letter=L&page=2
kids_and_family,https://itunes.apple.com/us/genre/podcasts-kids-family/id1305?mt=2&letter=L&page=3
kids_and_family,https://itunes.apple.com/us/genre/podcasts-kids-family/id1305?mt=2&letter=M&page=1
kids_and_family,https://itunes.apple.com/us/genre/podcasts-kids-family/id1305?mt=2&letter=M&page=2
kids_and_family,https://itunes.apple.com/us/genre/podcasts-kids-family/id1305?mt=2&letter=M&page=3
kids_and_family,https://itunes.apple.com/us/genre/podcasts-kids-family/id1305?mt=2&letter=M&page=4
kids_and_family,https://itunes.apple.com/us/genre/podcasts-kids-family/id1305?mt=2&letter=M&page=5
kids_and_family,https://itunes.apple.com/us/genre/podcasts-kids-family/id1305?mt=2&letter=M&page=6
kids_and_family,https://itunes.apple.com/us/genre/podcasts-kids-family/id1305?mt=2&letter=N&page=1
kids_and_family,https://itunes.apple.com/us/genre/podcasts-kids-family/id1305?mt=2&letter=N&page=2
kids_and_family,https://itunes.apple.com/us/genre/podcasts-kids-family/id1305?mt=2&letter=O&page=1
kids_and_family,https://itunes.apple.com/us/genre/podcasts-kids-family/id1305?mt=2&letter=O&page=2
kids_and_family,https://itunes.apple.com/us/genre/podcasts-kids-family/id1305?mt=2&letter=P&page=1
kids_and_family,https://itunes.apple.com/us/genre/podcasts-kids-family/id1305?mt=2&letter=P&page=2
kids_and_family,https://itunes.apple.com/us/genre/podcasts-kids-family/id1305?mt=2&letter=P&page=3
kids_and_family,https://itunes.apple.com/us/genre/podcasts-kids-family/id1305?mt=2&letter=P&page=4
kids_and_family,https://itunes.apple.com/us/genre/podcasts-kids-family/id1305?mt=2&letter=Q&page=1
kids_and_family,https://itunes.apple.com/us/genre/podcasts-kids-family/id1305?mt=2&letter=R&page=1
kids_and_family,https://itunes.apple.com/us/genre/podcasts-kids-family/id1305?mt=2&letter=R&page=2
kids_and_family,https://itunes.apple.com/us/genre/podcasts-kids-family/id1305?mt=2&letter=R&page=3
kids_and_family,https://itunes.apple.com/us/genre/podcasts-kids-family/id1305?mt=2&letter=S&page=1
kids_and_family,https://itunes.apple.com/us/genre/podcasts-kids-family/id1305?mt=2&letter=S&page=2
kids_and_family,https://itunes.apple.com/us/genre/podcasts-kids-family/id1305?mt=2&letter=S&page=3
kids_and_family,https://itunes.apple.com/us/genre/podcasts-kids-family/id1305?mt=2&letter=S&page=4
kids_and_family,https://itunes.apple.com/us/genre/podcasts-kids-family/id1305?mt=2&letter=S&page=5
kids_and_family,https://itunes.apple.com/us/genre/podcasts-kids-family/id1305?mt=2&letter=T&page=1
kids_and_family,https://itunes.apple.com/us/genre/podcasts-kids-family/id1305?mt=2&letter=T&page=2
kids_and_family,https://itunes.apple.com/us/genre/podcasts-kids-family/id1305?mt=2&letter=T&page=3
kids_and_family,https://itunes.apple.com/us/genre/podcasts-kids-family/id1305?mt=2&letter=T&page=4
kids_and_family,https://itunes.apple.com/us/genre/podcasts-kids-family/id1305?mt=2&letter=U&page=1
kids_and_family,https://itunes.apple.com/us/genre/podcasts-kids-family/id1305?mt=2&letter=V&page=1
kids_and_family,https://itunes.apple.com/us/genre/podcasts-kids-family/id1305?mt=2&letter=W&page=1
kids_and_family,https://itunes.apple.com/us/genre/podcasts-kids-family/id1305?mt=2&letter=W&page=2
kids_and_family,https://itunes.apple.com/us/genre/podcasts-kids-family/id1305?mt=2&letter=X&page=1
kids_and_family,https://itunes.apple.com/us/genre/podcasts-kids-family/id1305?mt=2&letter=Y&page=1
kids_and_family,https://itunes.apple.com/us/genre/podcasts-kids-family/id1305?mt=2&letter=Z&page=1
kids_and_family,https://itunes.apple.com/us/genre/podcasts-kids-family/id1305?mt=2&letter=*&page=1
kids_and_family,https://itunes.apple.com/us/genre/podcasts-kids-family/id1305?mt=2&letter=*&page=2
