music,https://itunes.apple.com/us/genre/podcasts-music/id1310?mt=2&letter=A&page=1
music,https://itunes.apple.com/us/genre/podcasts-music/id1310?mt=2&letter=A&page=2
music,https://itunes.apple.com/us/genre/podcasts-music/id1310?mt=2&letter=A&page=3
music,https://itunes.apple.com/us/genre/podcasts-music/id1310?mt=2&letter=A&page=4
music,https://itunes.apple.com/us/genre/podcasts-music/id1310?mt=2&letter=A&page=5
music,https://itunes.apple.com/us/genre/podcasts-music/id1310?mt=2&letter=A&page=6
music,https://itunes.apple.com/us/genre/podcasts-music/id1310?mt=2&letter=A&page=7
music,https://itunes.apple.com/us/genre/podcasts-music/id1310?mt=2&letter=A&page=8
music,https://itunes.apple.com/us/genre/podcasts-music/id1310?mt=2&letter=A&page=9
music,https://itunes.apple.com/us/genre/podcasts-music/id1310?mt=2&letter=A&page=10
music,https://itunes.apple.com/us/genre/podcasts-music/id1310?mt=2&letter=A&page=11
music,https://itunes.apple.com/us/genre/podcasts-music/id1310?mt=2&letter=A&page=12
music,https://itunes.apple.com/us/genre/podcasts-music/id1310?mt=2&letter=B&page=1
music,https://itunes.apple.com/us/genre/podcasts-music/id1310?mt=2&letter=B&page=2
music,https://itunes.apple.com/us/genre/podcasts-music/id1310?mt=2&letter=B&page=3
music,https://itunes.apple.com/us/genre/podcasts-music/id1310?mt=2&letter=B&page=4
music,https://itunes.apple.com/us/genre/podcasts-music/id1310?mt=2&letter=B&page=5
music,https://itunes.apple.com/us/genre/podcasts-music/id1310?mt=2&letter=B&page=6
music,https://itunes.apple.com/us/genre/podcasts-music/id1310?mt=2&letter=B&page=7
music,https://itunes.apple.com/us/genre/podcasts-music/id1310?mt=2&letter=B&page=8
music,https://itunes.apple.com/us/genre/podcasts-music/id1310?mt=2&letter=B&page=9
music,https://itunes.apple.com/us/genre/podcasts-music/id1310?mt=2&letter=B&page=10
music,https://itunes.apple.com/us/genre/podcasts-music/id1310?mt=2&letter=B&page=11
music,https://itunes.apple.com/us/genre/podcasts-music/id1310?mt=2&letter=B&page=12
music,https://itunes.apple.com/us/genre/podcasts-music/id1310?mt=2&letter=B&page=13
music,https://itunes.apple.com/us/genre/podcasts-music/id1310?mt=2&letter=C&page=1
music,https://itunes.apple.com/us/genre/podcasts-music/id1310?mt=2&letter=C&page=2
music,https://itunes.apple.com/us/genre/podcasts-music/id1310?mt=2&letter=C&page=3
music,https://itunes.apple.com/us/genre/podcasts-music/id1310?mt=2&letter=C&page=4
music,https://itunes.apple.com/us/genre/podcasts-music/id1310?mt=2&letter=C&page=5
music,https://itunes.apple.com/us/genre/podcasts-music/id1310?mt=2&letter=C&page=6
music,https://itunes.apple.com/us/genre/podcasts-music/id1310?mt=2&letter=C&page=7
music,https://itunes.apple.com/us/genre/podcasts-music/id1310?mt=2&letter=C&page=8
music,https://itunes.apple.com/us/genre/podcasts-music/id1310?mt=2&letter=C&page=9
music,https://itunes.apple.com/us/genre/podcasts-music/id1310?mt=2&letter=C&page=10
music,https://itunes.apple.com/us/genre/podcasts-music/id1310?mt=2&letter=C&page=11
music,https://itunes.apple.com/us/genre/podcasts-music/id1310?mt=2&letter=C&page=12
music,https://itunes.apple.com/us/genre/podcasts-music/id1310?mt=2&letter=C&page=13
music,https://itunes.apple.com/us/genre/podcasts-music/id1310?mt=2&letter=D&page=1
music,https://itunes.apple.com/us/genre/podcasts-music/id1310?mt=2&letter=D&page=2
music,https://itunes.apple.com/us/genre/podcasts-music/id1310?mt=2&letter=D&page=3
music,https://itunes.apple.com/us/genre/podcasts-music/id1310?mt=2&letter=D&page=4
music,https://itunes.apple.com/us/genre/podcasts-music/id1310?mt=2&letter=D&page=5
music,https://itunes.apple.com/us/genre/podcasts-music/id1310?mt=2&letter=D&page=6
music,https://itunes.apple.com/us/genre/podcasts-music/id1310?mt=2&letter=D&page=7
music,https://itunes.apple.com/us/genre/podcasts-music/id1310?mt=2&letter=D&page=8
music,https://itunes.apple.com/us/genre/podcasts-music/id1310?mt=2&letter=D&page=9
music,https://itunes.apple.com/us/genre/podcasts-music/id1310?mt=2&letter=D&page=10
music,https://itunes.apple.com/us/genre/podcasts-music/id1310?mt=2&letter=D&page=11
music,https://itunes.apple.com/us/genre/podcasts-music/id1310?mt=2&letter=D&page=12
music,https://itunes.apple.com/us/genre/podcasts-music/id1310?mt=2&letter=D&page=13
music,https://itunes.apple.com/us/genre/podcasts-music/id1310?mt=2&letter=D&page=14
music,https://itunes.apple.com/us/genre/podcasts-music/id1310?mt=2&letter=D&page=15
music,https://itunes.apple.com/us/genre/podcasts-music/id1310?mt=2&letter=D&page=16
music,https://itunes.apple.com/us/genre/podcasts-music/id1310?mt=2&letter=D&page=17
music,https://itunes.apple.com/us/genre/podcasts-music/id1310?mt=2&letter=D&page=18
music,https://itunes.apple.com/us/genre/podcasts-music/id1310?mt=2&letter=E&page=1
music,https://itunes.apple.com/us/genre/podcasts-music/id1310?mt=2&letter=E&page=2
music,https://itunes.apple.com/us/genre/podcasts-music/id1310?mt=2&letter=E&page=3
music,https://itunes.apple.com/us/genre/podcasts-music/id1310?mt=2&letter=E&page=4
music,https://itunes.apple.com/us/genre/podcasts-music/id1310?mt=2&letter=E&page=5
music,https://itunes.apple.com/us/genre/podcasts-music/id1310?mt=2&letter=E&page=6
music,https://itunes.apple.com/us/genre/podcasts-music/id1310?mt=2&letter=E&page=7
music,https://itunes.apple.com/us/genre/podcasts-music/id1310?mt=2&letter=F&page=1
music,https://itunes.apple.com/us/genre/podcasts-music/id1310?mt=2&letter=F&page=2
music,https://itunes.apple.com/us/genre/podcasts-music/id1310?mt=2&letter=F&page=3
music,https://itunes.apple.com/us/genre/podcasts-music/id1310?mt=2&letter=F&page=4
music,https://itunes.apple.com/us/genre/podcasts-music/id1310?mt=2&letter=F&page=5
music,https://itunes.apple.com/us/genre/podcasts-music/id1310?mt=2&letter=F&page=6
music,https://itunes.apple.com/us/genre/podcasts-music/id1310?mt=2&letter=F&page=7
music,https://itunes.apple.com/us/genre/podcasts-music/id1310?mt=2&letter=F&page=8
music,https://itunes.apple.com/us/genre/podcasts-music/id1310?mt=2&letter=F&page=9
music,https://itunes.apple.com/us/genre/podcasts-music/id1310?mt=2&letter=G&page=1
music,https://itunes.apple.com/us/genre/podcasts-music/id1310?mt=2&letter=G&page=2
music,https://itunes.apple.com/us/genre/podcasts-music/id1310?mt=2&letter=G&page=3
music,https://itunes.apple.com/us/genre/podcasts-music/id1310?mt=2&letter=G&page=4
music,https://itunes.apple.com/us/genre/podcasts-music/id1310?mt=2&letter=G&page=5
music,https://itunes.apple.com/us/genre/podcasts-music/id1310?mt=2&letter=G&page=6
music,https://itunes.apple.com/us/genre/podcasts-music/id1310?mt=2&letter=G&page=7
music,https://itunes.apple.com/us/genre/podcasts-music/id1310?mt=2&letter=H&page=1
music,https://itunes.apple.com/us/genre/podcasts-music/id1310?mt=2&letter=H&page=2
music,https://itunes.apple.com/us/genre/podcasts-music/id1310?mt=2&letter=H&page=3
music,https://itunes.apple.com/us/genre/podcasts-music/id1310?mt=2&letter=H&page=4
music,https://itunes.apple.com/us/genre/podcasts-music/id1310?mt=2&letter=H&page=5
music,https://itunes.apple.com/us/genre/podcasts-music/id1310?mt=2&letter=H&page=6
music,https://itunes.apple.com/us/genre/podcasts-music/id1310?mt=2&letter=H&page=7
music,https://itunes.apple.com/us/genre/podcasts-music/id1310?mt=2&letter=H&page=8
music,https://itunes.apple.com/us/genre/podcasts-music/id1310?mt=2&letter=I&page=1
music,https://itunes.apple.com/us/genre/podcasts-music/id1310?mt=2&letter=I&page=2
music,https://itunes.apple.com/us/genre/podcasts-music/id1310?mt=2&letter=I&page=3
music,https://itunes.apple.com/us/genre/podcasts-music/id1310?mt=2&letter=I&page=4
music,https://itunes.apple.com/us/genre/podcasts-music/id1310?mt=2&letter=I&page=5
music,https://itunes.apple.com/us/genre/podcasts-music/id1310?mt=2&letter=I&page=6
music,https://itunes.apple.com/us/genre/podcasts-music/id1310?mt=2&letter=I&page=7
music,https://itunes.apple.com/us/genre/podcasts-music/id1310?mt=2&letter=J&page=1
music,https://itunes.apple.com/us/genre/podcasts-music/id1310?mt=2&letter=J&page=2
music,https://itunes.apple.com/us/genre/podcasts-music/id1310?mt=2&letter=J&page=3
music,https://itunes.apple.com/us/genre/podcasts-music/id1310?mt=2&letter=J&page=4
music,https://itunes.apple.com/us/genre/podcasts-music/id1310?mt=2&letter=J&page=5
music,https://itunes.apple.com/us/genre/podcasts-music/id1310?mt=2&letter=J&page=6
music,https://itunes.apple.com/us/genre/podcasts-music/id1310?mt=2&letter=J&page=7
music,https://itunes.apple.com/us/genre/podcasts-music/id1310?mt=2&letter=K&page=1
music,https://itunes.apple.com/us/genre/podcasts-music/id1310?mt=2&letter=K&page=2
music,https://itunes.apple.com/us/genre/podcasts-music/id1310?mt=2&letter=K&page=3
music,https://itunes.apple.com/us/genre/podcasts-music/id1310?mt=2&letter=K&page=4
music,https://itunes.apple.com/us/genre/podcasts-music/id1310?mt=2&letter=K&page=5
music,https://itunes.apple.com/us/genre/podcasts-music/id1310?mt=2&letter=K&page=6
music,https://itunes.apple.com/us/genre/podcasts-music/id1310?mt=2&letter=L&page=1
music,https://itunes.apple.com/us/genre/podcasts-music/id1310?mt=2&letter=L&page=2
music,https://itunes.apple.com/us/genre/podcasts-music/id1310?mt=2&letter=L&page=3
music,https://itunes.apple.com/us/genre/podcasts-music/id1310?mt=2&letter=L&page=4
music,https://itunes.apple.com/us/genre/podcasts-music/id1310?mt=2&letter=L&page=5
music,https://itunes.apple.com/us/genre/podcasts-music/id1310?mt=2&letter=L&page=6
music,https://itunes.apple.com/us/genre/podcasts-music/id1310?mt=2&letter=L&page=7
music,https://itunes.apple.com/us/genre/podcasts-music/id1310?mt=2&letter=L&page=8
music,https://itunes.apple.com/us/genre/podcasts-music/id1310?mt=2&letter=L&page=9
music,https://itunes.apple.com/us/genre/podcasts-music/id1310?mt=2&letter=L&page=10
music,https://itunes.apple.com/us/genre/podcasts-music/id1310?mt=2&letter=M&page=1
music,https://itunes.apple.com/us/genre/podcasts-music/id1310?mt=2&letter=M&page=2
music,https://itunes.apple.com/us/genre/podcasts-music/id1310?mt=2&letter=M&page=3
music,https://itunes.apple.com/us/genre/podcasts-music/id1310?mt=2&letter=M&page=4
music,https://itunes.apple.com/us/genre/podcasts-music/id1310?mt=2&letter=M&page=5
music,https://itunes.apple.com/us/genre/podcasts-music/id1310?mt=2&letter=M&page=6
music,https://itunes.apple.com/us/genre/podcasts-music/id1310?mt=2&letter=M&page=7
music,https://itunes.apple.com/us/genre/podcasts-music/id1310?mt=2&letter=M&page=8
music,https://itunes.apple.com/us/genre/podcasts-music/id1310?mt=2&letter=M&page=9
music,https://itunes.apple.com/us/genre/podcasts-music/id1310?mt=2&letter=M&page=10
music,https://itunes.apple.com/us/genre/podcasts-music/id1310?mt=2&letter=M&page=11
music,https://itunes.apple.com/us/genre/podcasts-music/id1310?mt=2&letter=M&page=12
music,https://itunes.apple.com/us/genre/podcasts-music/id1310?mt=2&letter=M&page=13
music,https://itunes.apple.com/us/genre/podcasts-music/id1310?mt=2&letter=M&page=14
music,https://itunes.apple.com/us/genre/podcasts-music/id1310?mt=2&letter=M&page=15
music,https://itunes.apple.com/us/genre/podcasts-music/id1310?mt=2&letter=M&page=16
music,https://itunes.apple.com/us/genre/podcasts-music/id1310?mt=2&letter=M&page=17
music,https://itunes.apple.com/us/genre/podcasts-music/id1310?mt=2&letter=M&page=18
music,https://itunes.apple.com/us/genre/podcasts-music/id1310?mt=2&letter=N&page=1
music,https://itunes.apple.com/us/genre/podcasts-music/id1310?mt=2&letter=N&page=2
music,https://itunes.apple.com/us/genre/podcasts-music/id1310?mt=2&letter=N&page=3
music,https://itunes.apple.com/us/genre/podcasts-music/id1310?mt=2&letter=N&page=4
music,https://itunes.apple.com/us/genre/podcasts-music/id1310?mt=2&letter=N&page=5
music,https://itunes.apple.com/us/genre/podcasts-music/id1310?mt=2&letter=N&page=6
music,https://itunes.apple.com/us/genre/podcasts-music/id1310?mt=2&letter=N&page=7
music,https://itunes.apple.com/us/genre/podcasts-music/id1310?mt=2&letter=O&page=1
music,https://itunes.apple.com/us/genre/podcasts-music/id1310?mt=2&letter=O&page=2
music,https://itunes.apple.com/us/genre/podcasts-music/id1310?mt=2&letter=O&page=3
music,https://itunes.apple.com/us/genre/podcasts-music/id1310?mt=2&letter=O&page=4
music,https://itunes.apple.com/us/genre/podcasts-music/id1310?mt=2&letter=O&page=5
music,https://itunes.apple.com/us/genre/podcasts-music/id1310?mt=2&letter=P&page=1
music,https://itunes.apple.com/us/genre/podcasts-music/id1310?mt=2&letter=P&page=2
music,https://itunes.apple.com/us/genre/podcasts-music/id1310?mt=2&letter=P&page=3
music,https://itunes.apple.com/us/genre/podcasts-music/id1310?mt=2&letter=P&page=4
music,https://itunes.apple.com/us/genre/podcasts-music/id1310?mt=2&letter=P&page=5
music,https://itunes.apple.com/us/genre/podcasts-music/id1310?mt=2&letter=P&page=6
music,https://itunes.apple.com/us/genre/podcasts-music/id1310?mt=2&letter=P&page=7
music,https://itunes.apple.com/us/genre/podcasts-music/id1310?mt=2&letter=P&page=8
music,https://itunes.apple.com/us/genre/podcasts-music/id1310?mt=2&letter=P&page=9
music,https://itunes.apple.com/us/genre/podcasts-music/id1310?mt=2&letter=P&page=10
music,https://itunes.apple.com/us/genre/podcasts-music/id1310?mt=2&letter=P&page=11
music,https://itunes.apple.com/us/genre/podcasts-music/id1310?mt=2&letter=P&page=12
music,https://itunes.apple.com/us/genre/podcasts-music/id1310?mt=2&letter=P&page=13
music,https://itunes.apple.com/us/genre/podcasts-music/id1310?mt=2&letter=Q&page=1
music,https://itunes.apple.com/us/genre/podcasts-music/id1310?mt=2&letter=R&page=1
music,https://itunes.apple.com/us/genre/podcasts-music/id1310?mt=2&letter=R&page=2
music,https://itunes.apple.com/us/genre/podcasts-music/id1310?mt=2&letter=R&page=3
music,https://itunes.apple.com/us/genre/podcasts-music/id1310?mt=2&letter=R&page=4
music,https://itunes.apple.com/us/genre/podcasts-music/id1310?mt=2&letter=R&page=5
music,https://itunes.apple.com/us/genre/podcasts-music/id1310?mt=2&letter=R&page=6
music,https://itunes.apple.com/us/genre/podcasts-music/id1310?mt=2&letter=R&page=7
music,https://itunes.apple.com/us/genre/podcasts-music/id1310?mt=2&letter=R&page=8
music,https://itunes.apple.com/us/genre/podcasts-music/id1310?mt=2&letter=R&page=9
music,https://itunes.apple.com/us/genre/podcasts-music/id1310?mt=2&letter=R&page=10
music,https://itunes.apple.com/us/genre/podcasts-music/id1310?mt=2&letter=R&page=11
music,https://itunes.apple.com/us/genre/podcasts-music/id1310?mt=2&letter=R&page=12
music,https://itunes.apple.com/us/genre/podcasts-music/id1310?mt=2&letter=R&page=13
music,https://itunes.apple.com/us/genre/podcasts-music/id1310?mt=2&letter=R&page=14
music,https://itunes.apple.com/us/genre/podcasts-music/id1310?mt=2&letter=S&page=1
music,https://itunes.apple.com/us/genre/podcasts-music/id1310?mt=2&letter=S&page=2
music,https://itunes.apple.com/us/genre/podcasts-music/id1310?mt=2&letter=S&page=3
music,https://itunes.apple.com/us/genre/podcasts-music/id1310?mt=2&letter=S&page=4
music,https://itunes.apple.com/us/genre/podcasts-music/id1310?mt=2&letter=S&page=5
music,https://itunes.apple.com/us/genre/podcasts-music/id1310?mt=2&letter=S&page=6
music,https://itunes.apple.com/us/genre/podcasts-music/id1310?mt=2&letter=S&page=7
music,https://itunes.apple.com/us/genre/podcasts-music/id1310?mt=2&letter=S&page=8
music,https://itunes.apple.com/us/genre/podcasts-music/id1310?mt=2&letter=S&page=9
music,https://itunes.apple.com/us/genre/podcasts-music/id1310?mt=2&letter=S&page=10
music,https://itunes.apple.com/us/genre/podcasts-music/id1310?mt=2&letter=S&page=11
music,https://itunes.apple.com/us/genre/podcasts-music/id1310?mt=2&letter=S&page=12
music,https://itunes.apple.com/us/genre/podcasts-music/id1310?mt=2&letter=S&page=13
music,https://itunes.apple.com/us/genre/podcasts-music/id1310?mt=2&letter=S&page=14
music,https://itunes.apple.com/us/genre/podcasts-music/id1310?mt=2&letter=S&page=15
music,https://itunes.apple.com/us/genre/podcasts-music/id1310?mt=2&letter=S&page=16
music,https://itunes.apple.com/us/genre/podcasts-music/id1310?mt=2&letter=S&page=17
music,https://itunes.apple.com/us/genre/podcasts-music/id1310?mt=2&letter=S&page=18
music,https://itunes.apple.com/us/genre/podcasts-music/id1310?mt=2&letter=T&page=1
music,https://itunes.apple.com/us/genre/podcasts-music/id1310?mt=2&letter=T&page=2
music,https://itunes.apple.com/us/genre/podcasts-music/id1310?mt=2&letter=T&page=3
music,https://itunes.apple.com/us/genre/podcasts-music/id1310?mt=2&letter=T&page=4
music,https://itunes.apple.com/us/genre/podcasts-music/id1310?mt=2&letter=T&page=5
music,https://itunes.apple.com/us/genre/podcasts-music/id1310?mt=2&letter=T&page=6
music,https://itunes.apple.com/us/genre/podcasts-music/id1310?mt=2&letter=T&page=7
music,https://itunes.apple.com/us/genre/podcasts-music/id1310?mt=2&letter=T&page=8
music,https://itunes.apple.com/us/genre/podcasts-music/id1310?mt=2&letter=T&page=9
music,https://itunes.apple.com/us/genre/podcasts-music/id1310?mt=2&letter=T&page=10
music,https://itunes.apple.com/us/genre/podcasts-music/id1310?mt=2&letter=T&page=11
music,https://itunes.apple.com/us/genre/podcasts-music/id1310?mt=2&letter=T&page=12
music,https://itunes.apple.com/us/genre/podcasts-music/id1310?mt=2&letter=T&page=13
music,https://itunes.apple.com/us/genre/podcasts-music/id1310?mt=2&letter=T&page=14
music,https://itunes.apple.com/us/genre/podcasts-music/id1310?mt=2&letter=U&page=1
music,https://itunes.apple.com/us/genre/podcasts-music/id1310?mt=2&letter=U&page=2
music,https://itunes.apple.com/us/genre/podcasts-music/id1310?mt=2&letter=U&page=3
music,https://itunes.apple.com/us/genre/podcasts-music/id1310?mt=2&letter=V&page=1
music,https://itunes.apple.com/us/genre/podcasts-music/id1310?mt=2&letter=V&page=2
music,https://itunes.apple.com/us/genre/podcasts-music/id1310?mt=2&letter=V&page=3
music,https://itunes.apple.com/us/genre/podcasts-music/id1310?mt=2&letter=V&page=4
music,https://itunes.apple.com/us/genre/podcasts-music/id1310?mt=2&letter=W&page=1
music,https://itunes.apple.com/us/genre/podcasts-music/id1310?mt=2&letter=W&page=2
music,https://itunes.apple.com/us/genre/podcasts-music/id1310?mt=2&letter=W&page=3
music,https://itunes.apple.com/us/genre/podcasts-music/id1310?mt=2&letter=W&page=4
music,https://itunes.apple.com/us/genre/podcasts-music/id1310?mt=2&letter=W&page=5
music,https://itunes.apple.com/us/genre/podcasts-music/id1310?mt=2&letter=W&page=6
music,https://itunes.apple.com/us/genre/podcasts-music/id1310?mt=2&letter=W&page=7
music,https://itunes.apple.com/us/genre/podcasts-music/id1310?mt=2&letter=X&page=1
music,https://itunes.apple.com/us/genre/podcasts-music/id1310?mt=2&letter=Y&page=1
music,https://itunes.apple.com/us/genre/podcasts-music/id1310?mt=2&letter=Y&page=2
music,https://itunes.apple.com/us/genre/podcasts-music/id1310?mt=2&letter=Z&page=1
music,https://itunes.apple.com/us/genre/podcasts-music/id1310?mt=2&letter=*&page=1
music,https://itunes.apple.com/us/genre/podcasts-music/id1310?mt=2&letter=*&page=2
music,https://itunes.apple.com/us/genre/podcasts-music/id1310?mt=2&letter=*&page=3
music,https://itunes.apple.com/us/genre/podcasts-music/id1310?mt=2&letter=*&page=4
music,https://itunes.apple.com/us/genre/podcasts-music/id1310?mt=2&letter=*&page=5
music,https://itunes.apple.com/us/genre/podcasts-music/id1310?mt=2&letter=*&page=6
music,https://itunes.apple.com/us/genre/podcasts-music/id1310?mt=2&letter=*&page=7
